"datetime","date","account_type","category","type","asset_class","name","symbol","shares","price","amount","fee","tax","currency","original_amount","original_currency","fx_rate","description","transaction_id","counterparty_name","counterparty_iban","payment_reference","mcc_code"
"2025-01-06T10:00:00.000Z","2025-01-06","DEFAULT","CASH","TRANSFER_INBOUND","","","","","","5000.000000","","","EUR","","","","Incoming transfer from Sample User","601b49cc-bbca-5098-bd6b-9cda1011a605","","","",""
"2025-02-01T06:30:00.000Z","2025-02-01","DEFAULT","CASH","INTEREST_PAYMENT","","","","","","9.170000","","","EUR","","","","Interest payment","9842fef5-cf53-5187-8042-2d842a56852a","","","",""
"2025-02-03T09:15:00.000Z","2025-02-03","DEFAULT","TRADING","BUY","FUND","iShares Core MSCI World USD (Acc)","IE00B4L5Y983","1.0359470000","96.5300000000","-100.000000","0.00","","EUR","","","","","b507b0b7-22da-5e39-8e80-e6d12a378537","","","",""
"2025-03-01T06:30:00.000Z","2025-03-01","DEFAULT","CASH","INTEREST_PAYMENT","","","","","","9.000000","","","EUR","","","","Interest payment","05d77614-3ff7-5688-ba22-27b9f6bd01dd","","","",""
"2025-03-03T09:15:00.000Z","2025-03-03","DEFAULT","TRADING","BUY","FUND","iShares Core MSCI World USD (Acc)","IE00B4L5Y983","1.0236460000","97.6900000000","-100.000000","0.00","","EUR","","","","","5b13b8d4-b912-542f-b74c-57c4c68ca6a5","","","",""
"2025-03-10T09:15:00.000Z","2025-03-10","DEFAULT","TRADING","BUY","STOCK","Apple","US0378331005","2.4342750000","205.4000000000","-500.000000","-1.00","","EUR","","","","","41f13406-5779-559f-8fe3-cbc8732d85ef","","","",""
"2025-04-01T06:30:00.000Z","2025-04-01","DEFAULT","CASH","INTEREST_PAYMENT","","","","","","7.910000","","","EUR","","","","Interest payment","88091b0f-cc75-5ab0-ba6c-6e729427188a","","","",""
"2025-04-03T09:15:00.000Z","2025-04-03","DEFAULT","TRADING","BUY","FUND","iShares Core MSCI World USD (Acc)","IE00B4L5Y983","1.0115310000","98.8600000000","-100.000000","0.00","","EUR","","","","","ef24d44b-75aa-5395-9b5d-856d2e40a454","","","",""
"2025-05-01T06:30:00.000Z","2025-05-01","DEFAULT","CASH","INTEREST_PAYMENT","","","","","","7.750000","","","EUR","","","","Interest payment","33ef91f5-9c9b-5d3b-b7fa-369aee9a34ee","","","",""
"2025-05-03T09:15:00.000Z","2025-05-03","DEFAULT","TRADING","BUY","FUND","iShares Core MSCI World USD (Acc)","IE00B4L5Y983","0.9995000000","100.0500000000","-100.000000","0.00","","EUR","","","","","f924c2c3-f756-52d4-8e34-1c65fb52b5fc","","","",""
"2025-05-12T09:15:00.000Z","2025-05-12","DEFAULT","TRADING","BUY","STOCK","Microsoft","US5949181045","1.0047730000","398.1000000000","-400.000000","-1.00","","EUR","","","","","19ec87be-ecdb-539c-8da2-82cf7129ffa6","","","",""
"2025-05-15T07:30:00.000Z","2025-05-15","DEFAULT","CASH","DIVIDEND","","Apple","US0378331005","","","0.580000","","-0.09","EUR","","","","Cash Dividend for ISIN US0378331005","ba7092b2-d528-54fc-8d2c-487a333474c8","","","",""
"2025-06-01T06:30:00.000Z","2025-06-01","DEFAULT","CASH","INTEREST_PAYMENT","","","","","","6.840000","","","EUR","","","","Interest payment","b0e30b15-f456-525c-abf6-bc07ac84f47b","","","",""
"2025-06-03T09:15:00.000Z","2025-06-03","DEFAULT","TRADING","BUY","FUND","iShares Core MSCI World USD (Acc)","IE00B4L5Y983","1.0147130000","98.5500000000","-100.000000","0.00","","EUR","","","","","fae61a43-09a3-54a4-b806-5dbff20049d4","","","",""
"2025-07-01T06:30:00.000Z","2025-07-01","DEFAULT","CASH","INTEREST_PAYMENT","","","","","","6.670000","","","EUR","","","","Interest payment","de6ff453-cfec-5d20-82e8-2d9c725284a6","","","",""
"2025-07-01T11:00:00.000Z","2025-07-01","DEFAULT","CASH","TRANSFER_INBOUND","","","","","","2000.000000","","","EUR","","","","Incoming transfer from Sample User","23c0d48d-54a0-57d6-a936-fd4b2e2ecf17","","","",""
"2025-07-03T09:15:00.000Z","2025-07-03","DEFAULT","TRADING","BUY","FUND","iShares Core MSCI World USD (Acc)","IE00B4L5Y983","1.0027070000","99.7300000000","-100.000000","0.00","","EUR","","","","","e9ddfbc6-4451-5451-b51a-93eba1f59f15","","","",""
"2025-08-01T06:30:00.000Z","2025-08-01","DEFAULT","CASH","INTEREST_PAYMENT","","","","","","10.170000","","","EUR","","","","Interest payment","9f3a3c6a-8c18-5aa9-902e-70ac985d2bce","","","",""
"2025-08-03T09:15:00.000Z","2025-08-03","DEFAULT","TRADING","BUY","FUND","iShares Core MSCI World USD (Acc)","IE00B4L5Y983","0.9907860000","100.9300000000","-100.000000","0.00","","EUR","","","","","7a613773-68ee-526f-9386-4ba9a3994e24","","","",""
"2025-08-14T07:30:00.000Z","2025-08-14","DEFAULT","CASH","DIVIDEND","","Apple","US0378331005","","","0.600000","","-0.09","EUR","","","","Cash Dividend for ISIN US0378331005","7149f1e5-f69d-5559-9c56-360be21633b8","","","",""
"2025-09-01T06:30:00.000Z","2025-09-01","DEFAULT","CASH","INTEREST_PAYMENT","","","","","","10.000000","","","EUR","","","","Interest payment","3f028387-7715-5821-975d-506c88bcd26a","","","",""
"2025-09-03T09:15:00.000Z","2025-09-03","DEFAULT","TRADING","BUY","FUND","iShares Core MSCI World USD (Acc)","IE00B4L5Y983","0.9790480000","102.1400000000","-100.000000","0.00","","EUR","","","","","f471ca9c-0cae-5303-9eb6-b5c336aa16d1","","","",""
"2025-09-11T07:30:00.000Z","2025-09-11","DEFAULT","CASH","DIVIDEND","","Microsoft","US5949181045","","","0.850000","","-0.13","EUR","","","","Cash Dividend for ISIN US5949181045","9c4aee17-498c-5e3d-b768-ad3beeb6fc5c","","","",""
"2025-10-01T06:30:00.000Z","2025-10-01","DEFAULT","CASH","INTEREST_PAYMENT","","","","","","9.840000","","","EUR","","","","Interest payment","a4c4a446-238c-59f2-a250-ca221de0f02d","","","",""
"2025-10-03T09:15:00.000Z","2025-10-03","DEFAULT","TRADING","BUY","FUND","iShares Core MSCI World USD (Acc)","IE00B4L5Y983","0.9939370000","100.6100000000","-100.000000","0.00","","EUR","","","","","b758d555-55c5-589a-aff9-71b04278e26e","","","",""
"2025-11-01T06:30:00.000Z","2025-11-01","DEFAULT","CASH","INTEREST_PAYMENT","","","","","","9.670000","","","EUR","","","","Interest payment","b3639d8e-977a-532d-a97d-5b166dcfadbb","","","",""
"2025-11-03T09:15:00.000Z","2025-11-03","DEFAULT","TRADING","BUY","FUND","iShares Core MSCI World USD (Acc)","IE00B4L5Y983","0.9821250000","101.8200000000","-100.000000","0.00","","EUR","","","","","e28bbefa-a98e-52e0-8945-1f119c4359d6","","","",""
"2025-11-20T09:15:00.000Z","2025-11-20","DEFAULT","TRADING","BUY","CRYPTO","Bitcoin","BTC","0.0031200000","80120.0000000000","-249.970000","-1.00","","EUR","","","","","d353f606-c94d-5400-98f7-ccc57cee7901","","","",""
"2025-12-01T06:30:00.000Z","2025-12-01","DEFAULT","CASH","INTEREST_PAYMENT","","","","","","9.050000","","","EUR","","","","Interest payment","98d94e9d-942b-5482-bc01-185555d5703c","","","",""
"2025-12-03T09:15:00.000Z","2025-12-03","DEFAULT","TRADING","BUY","FUND","iShares Core MSCI World USD (Acc)","IE00B4L5Y983","0.9704970000","103.0400000000","-100.000000","0.00","","EUR","","","","","56bc7373-b774-5684-b01b-874ab0a649ba","","","",""
"2025-12-11T07:30:00.000Z","2025-12-11","DEFAULT","CASH","DIVIDEND","","Microsoft","US5949181045","","","0.860000","","-0.13","EUR","","","","Cash Dividend for ISIN US5949181045","3c5e4f9f-3be4-5bd0-9302-8f2b7e42d114","","","",""
"2026-01-01T06:30:00.000Z","2026-01-01","DEFAULT","CASH","INTEREST_PAYMENT","","","","","","8.880000","","","EUR","","","","Interest payment","f3d0b07a-1d77-5d97-acd9-f72d11f95da4","","","",""
"2026-01-03T09:15:00.000Z","2026-01-03","DEFAULT","TRADING","BUY","FUND","iShares Core MSCI World USD (Acc)","IE00B4L5Y983","0.9589570000","104.2800000000","-100.000000","0.00","","EUR","","","","","e22b8890-6893-56cc-aec5-7f0c2d85d7f7","","","",""
"2026-02-01T06:30:00.000Z","2026-02-01","DEFAULT","CASH","INTEREST_PAYMENT","","","","","","8.720000","","","EUR","","","","Interest payment","6da545e3-066c-5fe2-9f9c-54baa9efe89e","","","",""
"2026-02-03T09:15:00.000Z","2026-02-03","DEFAULT","TRADING","BUY","FUND","iShares Core MSCI World USD (Acc)","IE00B4L5Y983","0.9735200000","102.7200000000","-100.000000","0.00","","EUR","","","","","cbacde1a-b7f0-536e-9af3-55dba61dbb70","","","",""
"2026-02-16T14:02:00.000Z","2026-02-16","DEFAULT","TRADING","SELL","STOCK","Apple","US0378331005","-1.0000000000","231.7500000000","231.750000","-1.00","","EUR","","","","","1d5fb8df-4638-5be1-8719-955d27491c5b","","","",""
"2026-03-01T06:30:00.000Z","2026-03-01","DEFAULT","CASH","INTEREST_PAYMENT","","","","","","8.970000","","","EUR","","","","Interest payment","800176ab-b1c4-593b-83ca-017848ef485a","","","",""
"2026-03-03T09:15:00.000Z","2026-03-03","DEFAULT","TRADING","BUY","FUND","iShares Core MSCI World USD (Acc)","IE00B4L5Y983","0.9620010000","103.9500000000","-100.000000","0.00","","EUR","","","","","acab2bb7-a088-57e1-b14b-ae0680a96430","","","",""
"2026-03-12T07:30:00.000Z","2026-03-12","DEFAULT","CASH","DIVIDEND","","Microsoft","US5949181045","","","0.880000","","-0.13","EUR","","","","Cash Dividend for ISIN US5949181045","c9955231-2bb4-5dab-9d2b-e63499c6b066","","","",""
"2026-04-01T06:30:00.000Z","2026-04-01","DEFAULT","CASH","INTEREST_PAYMENT","","","","","","8.810000","","","EUR","","","","Interest payment","438b5c8c-f40e-5b18-b505-68337f6c6513","","","",""
"2026-04-03T09:15:00.000Z","2026-04-03","DEFAULT","TRADING","BUY","FUND","iShares Core MSCI World USD (Acc)","IE00B4L5Y983","0.9505700000","105.2000000000","-100.000000","0.00","","EUR","","","","","deb88a8c-5105-5563-a8d0-ec403b3a2023","","","",""
"2026-05-01T06:30:00.000Z","2026-05-01","DEFAULT","CASH","INTEREST_PAYMENT","","","","","","8.640000","","","EUR","","","","Interest payment","7d565c8d-bc62-55fc-aac3-59a8a730d7c1","","","",""
"2026-05-03T09:15:00.000Z","2026-05-03","DEFAULT","TRADING","BUY","FUND","iShares Core MSCI World USD (Acc)","IE00B4L5Y983","0.9393200000","106.4600000000","-100.000000","0.00","","EUR","","","","","b0922fcd-8be7-5daa-bc61-394f0fa24061","","","",""
"2026-05-14T07:30:00.000Z","2026-05-14","DEFAULT","CASH","DIVIDEND","","Apple","US0378331005","","","0.380000","","-0.06","EUR","","","","Cash Dividend for ISIN US0378331005","ed9bac7a-b007-5f75-b32d-cc4aecc0d535","","","",""
"2026-06-01T06:30:00.000Z","2026-06-01","DEFAULT","CASH","INTEREST_PAYMENT","","","","","","8.470000","","","EUR","","","","Interest payment","7ececdcc-85d7-5695-965c-7b3da34d0bd7","","","",""
"2026-06-02T08:00:00.000Z","2026-06-02","DEFAULT","CASH","TRANSFER_OUTBOUND","","","","","","-500.000000","","","EUR","","","","Outgoing transfer to Sample User","08d8d8ca-2a09-557e-90d3-91deec79e374","","","",""
"2026-06-03T09:15:00.000Z","2026-06-03","DEFAULT","TRADING","BUY","FUND","iShares Core MSCI World USD (Acc)","IE00B4L5Y983","0.9536520000","104.8600000000","-100.000000","0.00","","EUR","","","","","76373a15-aa59-549c-9e14-24d084fbee7c","","","",""
"2026-07-01T06:30:00.000Z","2026-07-01","DEFAULT","CASH","INTEREST_PAYMENT","","","","","","7.390000","","","EUR","","","","Interest payment","4cf62ec1-e5b5-5711-8fd8-f6d412c7c432","","","",""
"2026-07-03T09:15:00.000Z","2026-07-03","DEFAULT","TRADING","BUY","FUND","iShares Core MSCI World USD (Acc)","IE00B4L5Y983","0.9423290000","106.1200000000","-100.000000","0.00","","EUR","","","","","8632888a-7576-5792-8cb8-a3e1d002cafd","","","",""
"2026-08-01T06:30:00.000Z","2026-08-01","DEFAULT","CASH","INTEREST_PAYMENT","","","","","","7.220000","","","EUR","","","","Interest payment","33ab9d8f-9596-594e-8adb-aa45be9093de","","","",""
"2026-08-03T09:15:00.000Z","2026-08-03","DEFAULT","TRADING","BUY","FUND","iShares Core MSCI World USD (Acc)","IE00B4L5Y983","0.9311850000","107.3900000000","-100.000000","0.00","","EUR","","","","","45db4969-4d81-591c-87d6-715414670cb6","","","",""
"2026-09-01T06:30:00.000Z","2026-09-01","DEFAULT","CASH","INTEREST_PAYMENT","","","","","","7.050000","","","EUR","","","","Interest payment","5887b321-8743-5871-aa00-3ca155013147","","","",""
"2026-09-03T09:15:00.000Z","2026-09-03","DEFAULT","TRADING","BUY","FUND","iShares Core MSCI World USD (Acc)","IE00B4L5Y983","0.9201320000","108.6800000000","-100.000000","0.00","","EUR","","","","","c528fb1e-cbe0-5cca-8f47-1ea6b71b423f","","","",""
